City_ID,City,Country,Date,Lat,Lng,Max Temp,Humidity,Cloudiness,Wind Speed
0,Santa Rosa,PH,2021-01-27 21:52:05,14.3122,121.1114,75.99,100,20,1.14
1,Atuona,PF,2021-01-27 21:52:05,-9.8,-139.0333,78.46,79,3,15.3
2,Codrington,AU,2021-01-27 21:52:06,-38.2667,141.9667,65.55,72,63,16.75
3,Rikitea,PF,2021-01-27 21:52:06,-23.1203,-134.9692,79.88,73,89,13.15
4,Naze,JP,2021-01-27 21:51:35,28.3667,129.4833,62.6,63,75,11.5
5,Novoagansk,RU,2021-01-27 21:52:06,61.9449,76.6625,-35.88,80,64,3.0
6,Panalingaan,PH,2021-01-27 21:52:07,8.7842,117.4231,77.76,83,100,8.48
7,Bluff,NZ,2021-01-27 21:52:09,-46.6,168.3333,52.0,82,99,17.0
8,Barrow,US,2021-01-27 21:52:12,71.2906,-156.7887,-11.2,70,90,6.91
9,Rincon,US,2021-01-27 21:47:17,32.296,-81.2354,57.2,88,90,10.36
10,Nikolskoye,RU,2021-01-27 21:52:13,59.7035,30.7861,34.0,86,90,2.24
11,New Norfolk,AU,2021-01-27 21:52:13,-42.7826,147.0587,57.0,56,77,1.01
12,Ushuaia,AR,2021-01-27 21:50:03,-54.8,-68.3,41.0,87,75,24.16
13,Ribeira Grande,PT,2021-01-27 21:52:14,38.5167,-28.7,60.8,88,40,18.41
14,Mazagao,BR,2021-01-27 21:52:15,-0.115,-51.2894,80.6,83,40,8.05
15,Auriflama,BR,2021-01-27 21:52:15,-20.6856,-50.5547,77.63,76,99,0.92
16,Richards Bay,ZA,2021-01-27 21:52:16,-28.783,32.0377,73.24,95,100,9.35
17,Mar Del Plata,AR,2021-01-27 21:52:16,-38.0023,-57.5575,69.8,52,0,11.5
18,Samarai,PG,2021-01-27 21:48:47,-10.6167,150.6667,79.83,86,99,7.16
19,Albany,US,2021-01-27 21:50:07,42.6001,-73.9662,28.99,62,86,13.0
20,Raymondville,US,2021-01-27 21:52:16,26.4815,-97.7831,77.0,31,1,17.27
21,Dikson,RU,2021-01-27 21:52:16,73.5069,80.5464,-19.7,87,100,9.95
22,Andenes,NO,2021-01-27 21:52:18,69.3143,16.1194,28.99,64,40,21.85
23,Torbay,CA,2021-01-27 21:52:18,47.6666,-52.7314,28.99,80,75,10.36
24,Mataura,NZ,2021-01-27 21:52:18,-46.1927,168.8643,52.0,82,96,17.0
25,Surt,LY,2021-01-27 21:52:19,31.2089,16.5887,56.79,62,46,14.12
26,Surin,TH,2021-01-27 21:52:19,14.8818,103.4936,73.0,74,59,7.14
27,Tieli,CN,2021-01-27 21:52:19,46.95,128.05,-12.68,89,84,1.3
28,Pangnirtung,CA,2021-01-27 21:52:19,66.1451,-65.7125,-5.8,84,1,3.44
29,Kapaa,US,2021-01-27 21:52:20,22.0752,-159.319,77.0,59,87,7.0
30,Busselton,AU,2021-01-27 21:52:20,-33.65,115.3333,48.99,84,0,9.6
31,Tuktoyaktuk,CA,2021-01-27 21:52:20,69.4541,-133.0374,-23.8,76,20,6.91
32,Vaini,TO,2021-01-27 21:52:20,-21.2,-175.2,75.2,94,90,8.05
33,Tiksi,RU,2021-01-27 21:47:48,71.6872,128.8694,-35.68,83,99,2.66
34,Hilo,US,2021-01-27 21:51:16,19.7297,-155.09,75.2,78,75,18.41
35,Hermanus,ZA,2021-01-27 21:52:21,-34.4187,19.2345,57.0,88,49,8.46
36,Omboue,GA,2021-01-27 21:52:21,-1.5746,9.2618,75.04,90,100,3.09
37,Aqtobe,KZ,2021-01-27 21:52:21,50.2797,57.2072,8.6,85,0,4.47
38,Ancud,CL,2021-01-27 21:52:22,-41.8697,-73.8203,64.4,55,75,11.5
39,Kavieng,PG,2021-01-27 21:52:23,-2.5744,150.7967,83.91,75,84,10.78
40,Kloulklubed,PW,2021-01-27 21:52:23,7.0419,134.2556,75.2,94,75,4.61
41,Jibuti,DJ,2021-01-27 21:52:23,11.5,42.5,73.4,73,1,15.84
42,Raudeberg,NO,2021-01-27 21:52:24,61.9875,5.1352,30.0,91,98,11.14
43,Grindavik,IS,2021-01-27 21:52:24,63.8424,-22.4338,32.0,64,0,23.02
44,Yankton,US,2021-01-27 21:52:24,42.8711,-97.3973,21.2,63,1,8.05
45,Jamestown,US,2021-01-27 21:51:15,42.097,-79.2353,24.01,79,90,7.16
46,Dakar,SN,2021-01-27 21:52:24,14.6937,-17.4441,68.0,73,0,9.22
47,Cape Town,ZA,2021-01-27 21:52:24,-33.9258,18.4232,66.0,72,0,18.41
48,Mana,GF,2021-01-27 21:52:25,5.6592,-53.7767,76.84,82,82,9.86
49,Mahebourg,MU,2021-01-27 21:48:22,-20.4081,57.7,73.4,88,20,8.05
50,Chokurdakh,RU,2021-01-27 21:52:26,70.6333,147.9167,-14.46,89,100,13.31
51,Hamilton,US,2021-01-27 21:52:27,39.1834,-84.5333,32.0,80,90,9.22
52,Sao Joao Da Barra,BR,2021-01-27 21:51:32,-21.6403,-41.0511,80.6,54,0,23.02
53,East London,ZA,2021-01-27 21:49:06,-33.0153,27.9116,69.01,83,83,13.89
54,Norman Wells,CA,2021-01-27 21:52:27,65.282,-126.8329,-22.0,76,75,2.3
55,Sanwer,IN,2021-01-27 21:52:27,22.9833,75.8333,50.0,57,0,9.22
56,Botshabelo,ZA,2021-01-27 21:52:28,-29.2702,26.7052,62.6,94,100,9.22
57,Taltal,CL,2021-01-27 21:50:20,-25.4,-70.4833,71.49,64,22,8.72
58,Cherskiy,RU,2021-01-27 21:52:28,68.75,161.3,-23.78,84,100,3.98
59,Bambey,SN,2021-01-27 21:52:28,14.6955,-16.4493,78.8,27,0,10.6
60,Fairbanks,US,2021-01-27 21:51:55,64.8378,-147.7164,-0.99,69,75,0.81
61,Sinnamary,GF,2021-01-27 21:52:29,5.3833,-52.95,77.07,80,38,11.36
62,Havre-Saint-Pierre,CA,2021-01-27 21:52:29,50.2334,-63.5986,23.0,54,90,9.22
63,Port Alfred,ZA,2021-01-27 21:52:29,-33.5906,26.891,64.99,93,65,3.0
64,Kyren,RU,2021-01-27 21:52:29,51.6828,102.1408,-1.75,80,80,2.33
65,Wladyslawowo,PL,2021-01-27 21:52:30,54.7909,18.4009,30.99,93,40,3.44
66,Souillac,MU,2021-01-27 21:52:30,-20.5167,57.5167,73.4,88,20,8.05
67,Chernyshevskiy,RU,2021-01-27 21:52:30,63.0128,112.4714,-46.34,80,45,1.16
68,Hobart,AU,2021-01-27 21:52:30,-42.8794,147.3294,57.0,50,75,8.05
69,Esperance,AU,2021-01-27 21:52:30,-33.8667,121.9,60.8,94,90,8.05
70,Ventspils,LV,2021-01-27 21:52:31,57.3894,21.5606,32.0,86,90,6.91
71,Puerto Ayora,EC,2021-01-27 21:52:31,-0.7393,-90.3518,86.0,62,20,20.71
72,Lingao,CN,2021-01-27 21:52:31,19.9103,109.6859,64.13,94,1,10.45
73,Seddon,AU,2021-01-27 21:52:31,-37.8068,144.8916,71.01,72,91,3.44
74,Lompoc,US,2021-01-27 21:52:07,34.6391,-120.4579,53.6,87,90,20.71
75,Bambous Virieux,MU,2021-01-27 21:52:32,-20.3428,57.7575,78.01,88,20,8.05
76,Verkhoyansk,RU,2021-01-27 21:52:32,67.5447,133.385,-49.09,73,65,0.92
77,Alyangula,AU,2021-01-27 21:52:32,-13.8483,136.4192,80.6,89,90,5.75
78,Akkermanovka,RU,2021-01-27 21:52:32,51.2467,58.2391,3.2,78,40,11.18
79,Biak,ID,2021-01-27 21:52:32,-0.9131,122.8766,77.09,75,97,4.97
80,Syumsi,RU,2021-01-27 21:52:35,57.1111,51.6149,21.36,96,100,11.07
81,Sakakah,SA,2021-01-27 21:52:35,29.9697,40.2064,62.6,36,0,8.05
82,Port Elizabeth,ZA,2021-01-27 21:52:35,-33.918,25.5701,66.2,72,90,8.05
83,Ribeira Do Pombal,BR,2021-01-27 21:52:35,-10.8344,-38.5358,77.25,64,98,10.54
84,Yerbogachen,RU,2021-01-27 21:52:36,61.2767,108.0108,-40.2,80,83,5.66
85,Leh,IN,2021-01-27 21:52:36,34.1667,77.5833,0.0,58,0,1.61
86,Salinopolis,BR,2021-01-27 21:52:36,-0.6136,-47.3561,79.68,82,69,7.7
87,Carnarvon,AU,2021-01-27 21:52:36,-24.8667,113.6333,71.6,78,0,17.27
88,Kaitangata,NZ,2021-01-27 21:52:37,-46.2817,169.8464,53.01,76,72,7.0
89,Isangel,VU,2021-01-27 21:52:37,-19.55,169.2667,83.07,76,98,16.69
90,Tasiilaq,GL,2021-01-27 21:52:37,65.6145,-37.6368,21.2,45,75,25.32
91,Provideniya,RU,2021-01-27 21:52:37,64.3833,-173.3,8.6,92,90,24.61
92,Nemuro,JP,2021-01-27 21:52:37,43.3236,145.575,21.72,88,0,12.37
93,Cefalu,IT,2021-01-27 21:52:38,38.0386,14.0229,51.01,64,100,4.0
94,Leningradskiy,RU,2021-01-27 21:52:38,69.3833,178.4167,-16.65,87,100,3.91
95,Lebu,CL,2021-01-27 21:52:38,-37.6167,-73.65,60.71,73,97,10.67
96,Montes Altos,BR,2021-01-27 21:52:38,-5.8333,-47.0667,74.03,93,100,5.01
97,Bredasdorp,ZA,2021-01-27 21:52:39,-34.5322,20.0403,57.2,72,94,5.75
98,Upernavik,GL,2021-01-27 21:47:54,72.7868,-56.1549,-2.4,91,99,3.09
99,Mragowo,PL,2021-01-27 21:52:40,53.8644,21.3051,32.0,74,90,2.3
100,Airai,TL,2021-01-27 21:52:40,-8.9266,125.4092,62.42,100,100,3.44
101,Fortuna,US,2021-01-27 21:52:41,40.5982,-124.1573,48.2,81,75,23.02
102,Mulbagal,IN,2021-01-27 21:52:41,13.1667,78.4,58.24,98,46,3.58
103,Peterhead,GB,2021-01-27 21:52:41,57.5058,-1.7981,37.99,93,90,1.14
104,Isiro,CD,2021-01-27 21:52:41,2.7739,27.616,68.07,81,31,2.08
105,The Valley,AI,2021-01-27 21:52:43,18.217,-63.0578,80.6,69,40,14.97
106,Punta Arenas,CL,2021-01-27 21:52:43,-53.15,-70.9167,50.0,53,75,26.46
107,Kroya,ID,2021-01-27 21:52:43,-7.6331,109.2461,76.32,84,97,3.56
108,Uray,RU,2021-01-27 21:52:43,60.1247,64.7758,14.86,97,100,6.76
109,Bilibino,RU,2021-01-27 21:52:44,68.0546,166.4372,-10.82,83,100,6.29
110,Guerrero Negro,MX,2021-01-27 21:52:44,27.9769,-114.0611,64.15,37,100,8.97
111,Maarianhamina,AX,2021-01-27 21:49:01,60.0973,19.9348,26.6,80,75,4.61
112,Loiza,PR,2021-01-27 21:52:44,18.4313,-65.8802,80.6,69,40,12.66
113,Cabatuan,PH,2021-01-27 21:52:45,10.8794,122.486,75.06,87,100,9.31
114,Geraldton,AU,2021-01-27 21:52:46,-28.7667,114.6,59.0,82,0,10.36
115,Alappuzha,IN,2021-01-27 21:52:46,9.49,76.3264,73.15,82,91,6.26
116,Kodiak,US,2021-01-27 21:52:47,57.79,-152.4072,33.8,75,90,1.68
117,Emirdag,TR,2021-01-27 21:52:47,39.0197,31.15,30.0,90,72,16.17
118,Byron Bay,AU,2021-01-27 21:52:47,-28.65,153.6167,77.0,73,40,10.36
119,Laguna,US,2021-01-27 21:52:01,38.421,-121.4238,50.0,81,90,14.97
120,Nouadhibou,MR,2021-01-27 21:52:48,20.931,-17.0347,68.0,77,0,10.36
121,Praia,CV,2021-01-27 21:52:48,14.9215,-23.5087,73.4,60,0,14.97
122,Lagoa,PT,2021-01-27 21:52:48,39.05,-27.9833,60.42,83,73,30.09
123,Pevek,RU,2021-01-27 21:52:48,69.7008,170.3133,-23.35,87,100,3.4
124,Uyuni,BO,2021-01-27 21:52:48,-20.4597,-66.825,58.59,29,0,12.46
125,Saint George,US,2021-01-27 21:52:40,37.1041,-113.5841,43.0,49,90,16.11
126,Saldanha,ZA,2021-01-27 21:52:49,-33.0117,17.9442,62.6,67,0,14.97
127,Salina,US,2021-01-27 21:50:01,38.8403,-97.6114,24.01,74,40,6.91
128,Castro,BR,2021-01-27 21:52:49,-24.7911,-50.0119,68.61,90,100,5.82
129,Doka,SD,2021-01-27 21:52:50,13.5167,35.7667,78.42,28,0,11.81
130,Arraial Do Cabo,BR,2021-01-27 21:52:50,-22.9661,-42.0278,80.6,73,0,21.85
131,Erzin,TR,2021-01-27 21:52:50,36.9559,36.2,61.0,72,100,18.99
132,Bellmead,US,2021-01-27 21:52:50,31.594,-97.1089,55.4,41,1,13.8
133,Faanui,PF,2021-01-27 21:52:51,-16.4833,-151.75,81.19,74,1,13.76
134,Moindou,NC,2021-01-27 21:52:51,-21.6924,165.677,80.6,69,0,1.14
135,Pemberton,CA,2021-01-27 21:52:51,50.3164,-122.8027,34.0,74,90,3.44
136,Goderich,CA,2021-01-27 21:52:51,43.7501,-81.7165,23.0,80,100,8.05
137,Road Town,VG,2021-01-27 21:52:52,18.4167,-64.6167,80.6,69,75,12.66
138,Iqaluit,CA,2021-01-27 21:52:52,63.7506,-68.5145,-4.0,71,1,16.11
139,Narsaq,GL,2021-01-27 21:52:52,60.9167,-46.05,37.4,32,75,34.52
140,Kahului,US,2021-01-27 21:52:52,20.8947,-156.47,78.8,65,40,25.32
141,Kathu,TH,2021-01-27 21:52:52,7.9178,98.3332,84.99,94,20,11.41
142,Belle Fourche,US,2021-01-27 21:52:53,44.6714,-103.8522,28.99,59,1,8.05
143,Kununurra,AU,2021-01-27 21:52:53,-15.7667,128.7333,77.0,100,75,6.91
144,Lincoln Village,US,2021-01-27 21:52:53,39.9548,-83.1307,32.0,80,1,14.97
145,Senneterre,CA,2021-01-27 21:52:53,48.3835,-77.2328,10.4,85,90,8.05
146,Dudinka,RU,2021-01-27 21:52:54,69.4058,86.1778,-28.77,83,98,1.95
147,Badarpur,IN,2021-01-27 21:52:54,24.9,92.6,56.44,73,0,2.55
148,Dhidhdhoo,MV,2021-01-27 21:51:32,6.8833,73.1,80.91,68,66,10.2
149,Qaqortoq,GL,2021-01-27 21:52:57,60.7167,-46.0333,37.4,32,75,34.52
150,Severo-Kurilsk,RU,2021-01-27 21:52:57,50.6789,156.125,26.85,96,100,15.57
151,Klaksvik,FO,2021-01-27 21:52:58,62.2266,-6.589,32.0,69,63,5.75
152,Beachwood,US,2021-01-27 21:52:58,41.4645,-81.5087,28.99,80,90,6.91
153,Ukiah,US,2021-01-27 21:52:58,39.1502,-123.2078,53.6,66,90,11.5
154,Talnakh,RU,2021-01-27 21:52:58,69.4865,88.3972,-25.28,82,86,4.09
155,Sindor,RU,2021-01-27 21:51:04,62.8629,51.8905,27.59,98,99,9.13
156,Jeremie,HT,2021-01-27 21:50:09,18.65,-74.1167,79.52,64,18,5.28
157,Ust-Omchug,RU,2021-01-27 21:53:00,61.15,149.6333,-31.56,78,35,5.44
158,Murgab,TM,2021-01-27 21:53:00,37.4966,61.9714,32.0,74,0,9.48
159,Salalah,OM,2021-01-27 21:53:00,17.0151,54.0924,68.0,68,0,3.44
160,Wahiawa,US,2021-01-27 21:53:01,21.5028,-158.0236,82.4,54,40,9.22
161,Thompson,CA,2021-01-27 21:51:31,55.7435,-97.8558,-11.2,77,40,3.44
162,Secunda,ZA,2021-01-27 21:53:01,-26.55,29.1667,64.99,95,98,7.76
163,Kizema,RU,2021-01-27 21:53:02,61.113,44.8302,27.64,97,93,9.26
164,Visby,SE,2021-01-27 21:48:03,57.6409,18.296,28.4,93,90,3.44
165,Kattivakkam,IN,2021-01-27 21:53:03,13.2167,80.3167,73.4,88,40,2.3
166,Marinette,US,2021-01-27 21:53:03,45.1,-87.6307,24.8,46,1,6.91
167,Lalitpur,NP,2021-01-27 21:52:43,27.6667,85.3333,41.0,87,20,3.44
168,Tuatapere,NZ,2021-01-27 21:53:04,-46.1333,167.6833,52.0,82,100,17.0
169,Hambantota,LK,2021-01-27 21:53:04,6.1241,81.1185,74.17,77,29,13.18
170,Vanavara,RU,2021-01-27 21:51:38,60.34,102.2797,-17.48,84,100,12.48
171,Lucapa,AO,2021-01-27 21:53:04,-8.4192,20.7447,66.43,92,100,2.01
172,Iskateley,RU,2021-01-27 21:53:05,67.6803,53.1512,-4.38,92,100,17.87
173,Asau,RO,2021-01-27 21:53:05,46.4333,26.4,32.0,46,100,5.66
174,Hualmay,PE,2021-01-27 21:53:05,-11.0964,-77.6139,74.89,70,84,9.17
175,Baruun-Urt,MN,2021-01-27 21:53:06,46.6806,113.2792,-21.87,81,4,9.1
176,Warrington,GB,2021-01-27 21:53:07,53.3925,-2.5802,46.99,100,90,10.36
177,Tokmak,UA,2021-01-27 21:53:07,47.2514,35.7058,45.34,74,100,19.33
178,Liverpool,GB,2021-01-27 21:53:07,53.4106,-2.9779,46.0,100,90,10.36
179,Birao,CF,2021-01-27 21:53:07,10.2849,22.7882,75.67,19,36,5.59
180,Lishu,CN,2021-01-27 21:53:07,43.3047,124.3278,-1.17,89,86,9.31
181,Kavaratti,IN,2021-01-27 21:53:08,10.5669,72.642,80.55,67,64,10.4
182,Madang,PG,2021-01-27 21:53:08,-5.2246,145.7966,75.83,94,100,4.5
183,Lorengau,PG,2021-01-27 21:53:08,-2.0226,147.2712,83.37,79,85,10.63
184,Marsa Matruh,EG,2021-01-27 21:53:08,31.3525,27.2453,53.6,50,40,11.5
185,Bambanglipuro,ID,2021-01-27 21:53:09,-7.95,110.2833,74.82,90,98,6.04
186,Yellowknife,CA,2021-01-27 21:48:28,62.456,-114.3525,-9.0,77,90,2.3
187,Hithadhoo,MV,2021-01-27 21:53:09,-0.6,73.0833,80.94,79,97,15.23
188,Longyearbyen,SJ,2021-01-27 21:53:09,78.2186,15.6401,6.8,66,20,16.11
189,Praia Da Vitoria,PT,2021-01-27 21:53:07,38.7333,-27.0667,59.0,100,20,24.94
190,Assis,BR,2021-01-27 21:53:09,-22.6617,-50.4122,74.21,88,100,3.71
191,Meulaboh,ID,2021-01-27 21:53:11,4.1363,96.1285,75.49,85,100,5.35
192,Flinders,AU,2021-01-27 21:53:11,-34.5833,150.8552,70.0,76,89,5.01
193,Camalu,MX,2021-01-27 21:53:11,30.85,-116.0667,60.01,40,58,5.99
194,Sao Filipe,CV,2021-01-27 21:53:12,14.8961,-24.4956,74.07,68,0,5.17
195,Alekseyevsk,RU,2021-01-27 21:53:12,57.8406,108.3492,-32.98,80,100,2.71
196,West Des Moines,US,2021-01-27 21:51:50,41.572,-93.7453,24.8,54,20,8.05
197,Sao Felix Do Xingu,BR,2021-01-27 21:53:12,-6.6447,-51.995,75.85,90,77,2.13
198,Jasper,US,2021-01-27 21:53:13,37.2001,-94.3502,30.99,74,90,10.36
199,Severnoye,RU,2021-01-27 21:53:13,56.3491,78.3619,1.87,93,69,2.98
200,San Ramon,US,2021-01-27 21:53:13,37.7799,-121.978,54.0,71,75,6.91
201,Bogale,MM,2021-01-27 21:53:13,16.2833,95.4,70.43,72,55,6.8
202,Sisimiut,GL,2021-01-27 21:53:14,66.9395,-53.6735,8.02,78,0,10.92
203,Vorobyevka,RU,2021-01-27 21:53:14,50.6451,40.9245,33.48,93,100,16.22
204,Linxia,CN,2021-01-27 21:53:14,35.6003,103.2064,18.19,86,89,1.16
205,Lengshuijiang,CN,2021-01-27 21:53:14,27.6881,111.4294,40.33,81,16,1.97
206,Aquiraz,BR,2021-01-27 21:48:29,-3.9014,-38.3911,82.4,78,20,9.22
207,Avarua,CK,2021-01-27 21:53:15,-21.2078,-159.775,87.8,62,20,19.57
208,Broken Hill,AU,2021-01-27 21:53:15,-31.95,141.4333,71.6,40,88,6.91
209,Khalkhal,IR,2021-01-27 21:53:15,37.6189,48.5258,29.12,80,69,5.5
210,Bubaque,GW,2021-01-27 21:53:15,11.2833,-15.8333,78.03,69,0,14.41
211,Nyahururu,KE,2021-01-27 21:53:15,0.0421,36.3673,51.15,97,28,6.91
212,Keningau,MY,2021-01-27 21:53:04,5.3378,116.1602,77.0,94,20,4.61
213,Yar-Sale,RU,2021-01-27 21:50:51,66.8333,70.8333,-38.31,80,71,4.61
214,Mount Holly,US,2021-01-27 21:53:16,35.2982,-81.0159,57.99,72,75,12.66
215,Cabra,ES,2021-01-27 21:53:16,37.4725,-4.4421,53.6,100,90,1.14
216,Ucluelet,CA,2021-01-27 21:50:50,48.9329,-125.5528,41.0,81,75,6.91
217,Georgetown,MY,2021-01-27 21:53:18,5.4112,100.3354,77.0,100,20,5.12
218,Bengkulu,ID,2021-01-27 21:51:05,-3.8004,102.2655,74.73,91,100,5.93
219,Sitka,US,2021-01-27 21:53:19,57.0531,-135.33,28.4,40,1,9.22
220,Jaguarao,BR,2021-01-27 21:52:01,-32.5661,-53.3758,73.94,81,57,2.62
221,Iquique,CL,2021-01-27 21:53:19,-20.2208,-70.1431,73.4,64,0,16.11
222,Kalaleh,IR,2021-01-27 21:53:19,37.3807,55.4916,41.0,60,0,10.11
223,Marsh Harbour,BS,2021-01-27 21:53:19,26.5412,-77.0636,76.39,77,27,11.86
224,Novoselitskoye,RU,2021-01-27 21:53:19,44.7508,43.4369,35.6,87,90,6.71
225,Qandala,SO,2021-01-27 21:53:20,11.472,49.8728,72.99,60,13,4.99
226,Qaanaaq,GL,2021-01-27 21:53:20,77.484,-69.3632,-14.69,63,0,7.83
227,Pemangkat,ID,2021-01-27 21:53:20,1.1667,108.9667,76.59,87,100,7.36
228,Luderitz,NA,2021-01-27 21:53:20,-26.6481,15.1594,67.93,61,0,27.22
229,Puerto Madero,MX,2021-01-27 21:53:21,14.7208,-92.4215,84.16,64,48,10.89
230,Moulins,FR,2021-01-27 21:53:21,46.5,3.3333,48.2,87,90,3.44
231,Mount Isa,AU,2021-01-27 21:53:21,-20.7333,139.5,80.6,69,0,8.05
232,Alamogordo,US,2021-01-27 21:50:56,32.8995,-105.9603,50.0,15,1,3.65
233,Ponta Do Sol,PT,2021-01-27 21:53:21,32.6667,-17.1,60.01,78,82,1.99
234,Umred,IN,2021-01-27 21:53:22,20.85,79.3333,66.2,59,9,2.3
235,Butaritari,KI,2021-01-27 21:53:22,3.0707,172.7902,80.1,81,87,12.71
236,Banda Aceh,ID,2021-01-27 21:53:22,5.5577,95.3222,77.0,83,85,4.05
237,Mirnyy,RU,2021-01-27 21:53:22,62.5353,113.9611,-44.36,80,43,1.83
238,Lighthouse Point,US,2021-01-27 21:53:23,26.2756,-80.0873,84.99,54,40,9.22
239,San Andres,CO,2021-01-27 21:53:24,12.5847,-81.7006,80.6,83,40,16.11
240,Aklavik,CA,2021-01-27 21:53:24,68.2191,-135.0107,-13.0,77,100,2.3
241,Whitehorse,CA,2021-01-27 21:53:24,60.7161,-135.0538,-11.0,76,1,3.44
242,Nanortalik,GL,2021-01-27 21:53:24,60.1432,-45.2371,25.11,92,100,6.96
243,Celestun,MX,2021-01-27 21:53:25,20.8667,-90.4,79.03,78,0,13.89
244,Turayf,SA,2021-01-27 21:53:26,31.6725,38.6637,53.6,47,0,4.61
245,Marshall,US,2021-01-27 21:53:26,34.3834,-86.3333,50.0,71,75,12.66
246,Ulladulla,AU,2021-01-27 21:53:26,-35.35,150.4667,66.99,82,75,9.22
247,Komsomolskiy,UZ,2021-01-27 21:53:26,40.4272,71.7189,30.2,59,0,4.61
248,Chimbote,PE,2021-01-27 21:48:34,-9.0853,-78.5783,73.96,73,100,11.14
249,Deputatskiy,RU,2021-01-27 21:53:27,69.3,139.9,-21.64,89,100,2.62
250,Nueve De Julio,AR,2021-01-27 21:51:21,-35.4444,-60.8831,98.01,21,0,1.01
251,Haines Junction,CA,2021-01-27 21:53:27,60.7522,-137.5108,-11.2,58,83,1.14
252,Rawson,AR,2021-01-27 21:50:05,-43.3002,-65.1023,66.63,39,100,5.46
253,Coihaique,CL,2021-01-27 21:53:28,-45.5752,-72.0662,57.2,54,75,6.91
254,Sola,VU,2021-01-27 21:53:28,-13.8833,167.55,82.29,81,100,20.98
255,Vardo,NO,2021-01-27 21:53:28,70.3705,31.1107,24.8,86,75,23.02
256,Katsuura,JP,2021-01-27 21:53:28,35.1333,140.3,46.0,65,75,13.8
257,Paranapanema,BR,2021-01-27 21:53:29,-23.3886,-48.7228,73.74,83,100,4.99
258,Goya,AR,2021-01-27 21:53:29,-29.14,-59.2626,85.77,52,45,5.93
259,Ahipara,NZ,2021-01-27 21:53:30,-35.1667,173.1667,70.45,71,63,5.64
260,Saint-Philippe,RE,2021-01-27 21:53:30,-21.3585,55.7679,77.0,69,0,5.75
261,Contamana,PE,2021-01-27 21:53:31,-7.3333,-75.0167,88.39,51,20,6.42
262,Santa Rosalia,MX,2021-01-27 21:53:32,27.3167,-112.2833,59.85,49,99,9.4
263,Soyo,AO,2021-01-27 21:53:32,-6.1349,12.3689,80.11,80,100,1.52
264,Olinda,BR,2021-01-27 21:51:03,-8.0089,-34.8553,80.6,65,75,8.05
265,Kinshasa,CD,2021-01-27 21:53:33,-4.3246,15.3215,75.2,83,20,5.75
266,Mahanoro,MG,2021-01-27 21:53:33,-19.9,48.8,76.55,83,2,3.71
267,Porto Novo,BJ,2021-01-27 21:53:33,6.4965,2.6036,84.2,84,20,12.66
268,Sukhothai,TH,2021-01-27 21:53:33,17.25,99.6667,77.0,99,0,3.2
269,Allanridge,ZA,2021-01-27 21:53:34,-27.7543,26.6438,64.99,91,100,2.48
270,Brookhaven,US,2021-01-27 21:53:34,31.5791,-90.4407,57.99,71,31,12.97
271,San Patricio,US,2021-01-27 21:53:34,28.017,-97.5169,73.4,20,75,13.8
272,Nelson Bay,AU,2021-01-27 21:53:34,-32.7167,152.15,70.0,100,90,19.57
273,Taoudenni,ML,2021-01-27 21:53:34,22.6783,-3.9836,70.34,28,0,14.79
274,Abu Dhabi,AE,2021-01-27 21:52:45,24.4667,54.3667,66.2,82,0,3.44
275,Surgut,RU,2021-01-27 21:53:35,61.25,73.4167,-23.8,76,40,6.71
276,Kupang,ID,2021-01-27 21:50:52,-10.1667,123.5833,78.8,94,90,12.66
277,Saint-Augustin,CA,2021-01-27 21:53:35,51.226,-58.6502,16.2,92,59,9.69
278,Pemba,MZ,2021-01-27 21:53:35,-12.974,40.5178,80.6,83,20,8.05
279,Berdigestyakh,RU,2021-01-27 21:53:36,62.0989,126.6992,-44.12,78,100,2.57
280,Mokhsogollokh,RU,2021-01-27 21:53:36,61.4681,128.9203,-43.06,80,100,3.15
281,Palmas Bellas,PA,2021-01-27 21:53:36,9.2319,-80.0867,81.0,80,27,11.01
282,Galle,LK,2021-01-27 21:53:36,6.0367,80.217,75.81,78,44,3.8
283,Korocha,RU,2021-01-27 21:53:36,50.8107,37.1953,35.6,93,75,15.66
284,Avera,US,2021-01-27 21:53:37,33.194,-82.5271,59.0,94,90,8.05
285,Custoias,PT,2021-01-27 21:53:14,41.1053,-7.321,55.0,9,100,3.33
286,Khatanga,RU,2021-01-27 21:53:37,71.9667,102.5,-30.08,80,0,7.31
287,Oga,IT,2021-01-27 21:53:37,46.4631,10.347,43.0,93,90,3.44
288,Ende,ID,2021-01-27 21:53:37,-8.8432,121.6623,78.64,80,100,5.88
289,Russell,US,2021-01-27 21:53:38,32.3502,-85.1999,61.0,72,90,6.91
290,Poum,NC,2021-01-27 21:53:38,-20.2333,164.0167,80.35,75,33,8.75
291,Batabano,CU,2021-01-27 21:53:38,22.7164,-82.2881,87.8,35,20,5.75
292,Taua,BR,2021-01-27 21:53:38,-5.9667,-40.3,81.37,53,70,8.39
293,Chuy,UY,2021-01-27 21:53:40,-33.6971,-53.4616,73.42,82,46,11.39
294,Port Lincoln,AU,2021-01-27 21:53:40,-34.7333,135.8667,67.28,74,75,8.05
295,Berlevag,NO,2021-01-27 21:53:40,70.8578,29.0864,24.8,68,75,25.32
296,Kailua,US,2021-01-27 21:53:40,21.4022,-157.7394,80.6,65,75,12.66
297,Bethel,US,2021-01-27 21:53:41,41.3712,-73.414,32.0,79,86,1.01
298,Pitiquito,MX,2021-01-27 21:53:41,30.7,-112.0833,59.0,64,74,1.01
299,Kaka,TM,2021-01-27 21:53:41,37.3482,59.6143,38.12,69,0,5.82
300,Ossora,RU,2021-01-27 21:53:41,59.2353,163.0719,-1.14,85,100,7.72
301,Rudnyy,KZ,2021-01-27 21:53:41,52.9594,63.1206,6.8,92,0,11.18
302,Cayenne,GF,2021-01-27 21:53:42,4.9333,-52.3333,80.6,69,20,6.91
303,Havoysund,NO,2021-01-27 21:53:42,70.9963,24.6622,24.8,68,75,19.57
304,Oktyabrskiy,RU,2021-01-27 21:50:10,54.4815,53.471,19.92,94,100,14.14
305,Paldiski,EE,2021-01-27 21:53:42,59.3567,24.0531,34.0,66,100,11.25
306,Keti Bandar,PK,2021-01-27 21:53:42,24.1447,67.4497,62.24,62,0,10.85
307,Ciudad Dario,NI,2021-01-27 21:53:42,12.7314,-86.124,73.4,64,75,14.14
308,Yulara,AU,2021-01-27 21:53:43,-25.2406,130.9889,75.2,73,40,8.05
309,Ylivieska,FI,2021-01-27 21:53:43,64.0833,24.55,25.0,93,100,4.29
310,High Level,CA,2021-01-27 21:53:43,58.5169,-117.136,-7.6,71,40,8.05
311,Miri,MY,2021-01-27 21:53:43,4.4148,114.0089,77.0,94,20,4.61
312,Jalu,LY,2021-01-27 21:53:43,29.0331,21.5482,49.69,62,0,8.21
313,Misratah,LY,2021-01-27 21:53:44,32.3754,15.0925,55.44,65,71,16.6
314,Huicungo,PE,2021-01-27 21:53:44,-7.2833,-76.8,85.91,56,52,1.28
315,San Matias,BO,2021-01-27 21:53:44,-16.3667,-58.4,80.2,82,95,4.56
316,Victoria,HK,2021-01-27 21:52:51,22.2855,114.1577,63.0,85,0,3.0
317,Tiznit,MA,2021-01-27 21:53:45,29.5833,-9.5,64.67,41,0,2.1
318,Dagana,MR,2021-01-27 21:53:45,16.5165,-15.5068,77.0,27,0,2.3
319,Livingston,GB,2021-01-27 21:52:14,55.9029,-3.5226,37.99,93,75,6.91
320,Huainan,CN,2021-01-27 21:50:14,32.6264,116.9969,41.47,67,47,12.26
321,Banjar,ID,2021-01-27 21:53:45,-8.19,114.9675,80.6,83,40,16.11
322,Caraz,PE,2021-01-27 21:53:46,-9.0486,-77.81,62.47,60,100,3.94
323,Wajima,JP,2021-01-27 21:53:46,37.4,136.9,40.71,70,100,18.99
324,Ugoofaaru,MV,2021-01-27 21:53:46,5.6667,73.0,80.49,67,44,10.92
325,Batagay,RU,2021-01-27 21:53:46,67.6333,134.6333,-49.05,74,52,0.58
326,Srednekolymsk,RU,2021-01-27 21:53:47,67.45,153.6833,-26.41,85,100,11.95
327,Mahibadhoo,MV,2021-01-27 21:53:34,3.7833,72.9667,79.81,67,11,13.38
328,Marondera,ZW,2021-01-27 21:53:47,-18.1853,31.5519,59.74,98,82,3.36
329,Tanem,NO,2021-01-27 21:53:47,63.3078,10.4319,25.0,100,90,5.75
330,Chiang Klang,TH,2021-01-27 21:53:47,19.2938,100.8617,67.17,57,43,1.52
331,Antsohihy,MG,2021-01-27 21:53:48,-14.8796,47.9875,74.35,95,48,2.51
332,Sucua,EC,2021-01-27 21:53:48,-2.4667,-78.1667,78.8,69,40,5.75
333,Coquimbo,CL,2021-01-27 21:53:48,-29.9533,-71.3436,66.2,68,0,12.66
334,Naryan-Mar,RU,2021-01-27 21:53:48,67.6713,53.087,-4.23,91,100,17.92
335,Tomatlan,MX,2021-01-27 21:53:48,19.9333,-105.25,82.45,57,10,7.74
336,Mildura,AU,2021-01-27 21:53:49,-34.2,142.15,71.01,52,75,5.75
337,Port Blair,IN,2021-01-27 21:53:49,11.6667,92.75,78.35,82,92,10.31
338,Chanute,US,2021-01-27 21:53:49,37.6792,-95.4572,30.2,69,90,11.5
339,Ilulissat,GL,2021-01-27 21:53:50,69.2167,-51.1,8.6,56,0,3.44
340,Yaan,NG,2021-01-27 21:53:50,7.3833,8.5667,80.78,16,23,0.4
341,Kerema,PG,2021-01-27 21:53:50,-7.9631,145.7785,78.15,82,100,4.14
342,Bereda,ES,2021-01-27 21:51:42,43.2686,-7.5406,57.99,91,99,7.0
343,Bathsheba,BB,2021-01-27 21:53:50,13.2167,-59.5167,80.6,65,40,17.27
344,Baturaja,ID,2021-01-27 21:53:50,-4.1333,104.1667,72.81,95,100,2.39
345,Morbegno,IT,2021-01-27 21:53:52,46.1383,9.57,35.01,79,100,1.99
346,Veraval,IN,2021-01-27 21:53:55,20.9,70.3667,63.25,33,13,12.82
347,Ha Tinh,VN,2021-01-27 21:53:56,18.3333,105.9,68.29,92,100,3.2
348,Pestretsy,RU,2021-01-27 21:53:56,55.7531,49.6545,21.2,79,0,20.13
349,Fort Nelson,CA,2021-01-27 21:51:16,58.8053,-122.7002,-5.8,59,40,8.05
350,Susaki,JP,2021-01-27 21:53:56,33.3667,133.2833,45.0,63,45,2.98
351,Pechenga,RU,2021-01-27 21:53:56,69.5259,31.1703,21.2,73,75,13.8
352,Oranjemund,NA,2021-01-27 21:53:57,-28.55,16.4333,62.8,81,1,20.56
353,Nampula,MZ,2021-01-27 21:53:57,-15.1165,39.2666,75.2,88,40,3.44
354,Camacha,PT,2021-01-27 21:53:57,33.0833,-16.3333,60.8,100,75,12.66
355,Mandal,IN,2021-01-27 21:53:57,25.45,74.5667,49.66,48,0,2.44
356,Dingle,PH,2021-01-27 21:53:57,10.9995,122.6711,74.75,90,100,7.16
357,Conde,BR,2021-01-27 21:51:56,-7.2597,-34.9075,80.6,78,40,10.36
358,Camana,PE,2021-01-27 21:53:59,-16.6228,-72.7111,73.42,68,66,7.29
359,Vila,PT,2021-01-27 21:53:41,42.0304,-8.1588,53.01,96,100,5.73
360,Bodo,NO,2021-01-27 21:54:01,67.28,14.405,24.01,68,0,23.02
361,Srivardhan,IN,2021-01-27 21:54:02,18.0333,73.0167,69.6,66,0,4.45
362,Comodoro Rivadavia,AR,2021-01-27 21:54:02,-45.8667,-67.5,57.2,77,40,9.22
363,Nhulunbuy,AU,2021-01-27 21:54:03,-12.2333,136.7667,80.6,83,99,8.05
364,Alice Springs,AU,2021-01-27 21:54:04,-23.7,133.8833,75.2,73,45,4.61
365,Neiafu,TO,2021-01-27 21:54:04,-18.65,-173.9833,75.2,94,90,9.22
366,Yatou,CN,2021-01-27 21:54:04,37.15,122.3833,31.69,93,87,21.99
367,Port Hardy,CA,2021-01-27 21:54:04,50.6996,-127.4199,41.0,70,75,10.36
368,Zamora,EC,2021-01-27 21:54:05,-4.0692,-78.9567,84.2,39,20,9.22
369,Arinos,BR,2021-01-27 21:54:05,-15.9169,-46.1056,75.56,59,7,5.17
370,Kaeo,NZ,2021-01-27 21:54:05,-35.1,173.7833,74.84,57,11,4.65
371,Chontalpa,MX,2021-01-27 21:54:06,17.7,-93.5167,82.09,76,1,10.78
372,Batticaloa,LK,2021-01-27 21:54:06,7.7102,81.6924,76.17,77,90,9.08
373,Niedernhausen,DE,2021-01-27 21:54:06,50.15,8.3167,39.0,100,90,4.61
374,Olenegorsk,RU,2021-01-27 21:54:06,68.15,33.3,12.11,94,100,9.31
375,Shakawe,BW,2021-01-27 21:54:06,-18.3667,21.85,69.01,89,100,3.78
376,Nishihara,JP,2021-01-27 21:54:06,26.1842,127.7558,62.6,63,40,14.97
377,Acapulco,MX,2021-01-27 21:52:18,16.8634,-99.8901,83.01,58,88,5.82
378,Katherine,AU,2021-01-27 21:54:07,-14.4667,132.2667,77.0,94,75,5.75
379,Yangjiang,CN,2021-01-27 21:54:07,21.85,111.9667,62.24,81,72,1.05
380,Gucheng,CN,2021-01-27 21:54:07,35.9115,111.3192,29.64,58,0,5.97
381,Powell,US,2021-01-27 21:52:35,40.1578,-83.0752,32.0,69,40,11.5
382,Coahuayana,MX,2021-01-27 21:54:08,18.7333,-103.6833,83.5,59,43,6.73
383,San Jose,US,2021-01-27 21:50:36,37.3394,-121.895,51.01,87,90,10.36
384,Sao Miguel,BR,2021-01-27 21:54:08,-5.4667,-35.3667,82.4,78,40,13.8
385,Buritizeiro,BR,2021-01-27 21:54:08,-17.3511,-44.9622,73.54,55,0,3.69
386,Vila Velha,BR,2021-01-27 21:54:09,-20.3297,-40.2925,80.6,69,40,17.27
387,Honningsvag,NO,2021-01-27 21:54:09,70.9821,25.9704,24.8,68,75,19.57
388,Pisco,PE,2021-01-27 21:53:29,-13.7,-76.2167,77.0,61,0,10.36
389,Danshui,CN,2021-01-27 21:54:09,22.7984,114.4672,64.99,80,5,3.31
390,Kaihua,CN,2021-01-27 21:54:10,23.3687,104.28,54.46,85,100,4.68
391,Lata,PT,2021-01-27 21:54:10,40.1629,-8.3327,57.99,94,100,1.01
392,Birjand,IR,2021-01-27 21:54:10,32.8663,59.2211,23.0,25,0,6.91
393,Ishigaki,JP,2021-01-27 21:54:10,24.3448,124.1572,62.6,77,75,5.75
394,Clyde River,CA,2021-01-27 21:54:10,70.4692,-68.5914,-13.0,77,20,5.75
395,Zeya,RU,2021-01-27 21:54:11,53.75,127.2667,-19.21,84,100,4.47
396,Chifeng,CN,2021-01-27 21:54:11,42.2683,118.9636,-4.68,80,0,13.65
397,Guhagar,IN,2021-01-27 21:54:11,17.4842,73.1929,68.67,64,0,4.32
398,Olafsvik,IS,2021-01-27 21:50:46,64.8945,-23.7142,30.15,88,89,16.04
399,Loandjili,CG,2021-01-27 21:54:11,-4.7561,11.8578,78.8,83,75,16.11
400,Havelock,US,2021-01-27 21:54:12,34.8791,-76.9013,48.2,100,90,11.5
401,Basoko,CD,2021-01-27 21:54:12,1.2391,23.616,73.44,90,100,3.8
402,Cidreira,BR,2021-01-27 21:54:12,-30.1811,-50.2056,73.49,95,100,6.17
403,Tura,IN,2021-01-27 21:54:12,25.5198,90.2201,55.83,68,0,3.24
404,Bandarbeyla,SO,2021-01-27 21:54:12,9.4942,50.8122,73.35,77,28,17.45
405,Cabo San Lucas,MX,2021-01-27 21:54:10,22.8909,-109.9124,77.0,47,88,3.0
406,Morondava,MG,2021-01-27 21:54:13,-20.2833,44.2833,82.51,74,0,4.29
407,Muros,ES,2021-01-27 21:54:13,42.7762,-9.0603,57.99,93,100,10.0
408,Namatanai,PG,2021-01-27 21:51:25,-3.6667,152.4333,83.52,74,100,9.55
409,Polonne,UA,2021-01-27 21:54:13,50.1242,27.5109,28.38,98,100,11.86
410,Matara,LK,2021-01-27 21:54:13,5.9485,80.5353,73.13,83,38,2.93
411,Togul,RU,2021-01-27 21:54:14,53.465,85.9128,20.57,97,100,15.32
412,Ambanja,MG,2021-01-27 21:54:14,-13.6833,48.45,74.48,89,28,3.02
413,Saskylakh,RU,2021-01-27 21:54:14,71.9167,114.0833,-41.42,80,92,1.21
414,Balatonfured,HU,2021-01-27 21:54:14,46.9619,17.8719,26.6,100,0,2.3
415,Seoul,KR,2021-01-27 21:50:08,37.5683,126.9778,30.2,69,0,3.44
416,Sistranda,NO,2021-01-27 21:54:15,63.7256,8.834,33.8,93,40,23.02
417,Sabang,ID,2021-01-27 21:54:15,5.8933,95.3214,81.03,75,72,6.17
418,Axim,GH,2021-01-27 21:54:15,4.8699,-2.2405,78.57,87,29,8.95
419,San Quintin,MX,2021-01-27 21:50:34,30.4833,-115.95,58.37,49,75,10.45
420,Tornio,FI,2021-01-27 21:54:15,65.8481,24.1466,17.6,86,90,8.05
421,Pingyi,CN,2021-01-27 21:54:16,35.5006,117.6308,30.79,73,0,14.63
422,Viedma,AR,2021-01-27 21:54:16,-40.8135,-62.9967,66.99,70,100,7.43
423,Saint-Francois,FR,2021-01-27 21:54:16,46.4154,3.9054,48.2,87,90,3.44
424,Ceres,US,2021-01-27 21:51:31,37.5949,-120.9577,46.4,87,90,20.71
425,Cabedelo,BR,2021-01-27 21:54:17,-6.9811,-34.8339,80.6,78,40,10.36
426,Itarema,BR,2021-01-27 21:54:17,-2.9248,-39.9167,80.08,78,0,13.82
427,Inirida,CO,2021-01-27 21:54:17,3.8653,-67.9239,82.36,78,83,2.8
428,Tutoia,BR,2021-01-27 21:54:17,-2.7619,-42.2744,84.2,74,20,13.8
429,Biskamzha,RU,2021-01-27 21:54:17,53.4497,89.5272,17.83,93,100,14.43
430,Te Anau,NZ,2021-01-27 21:54:18,-45.4167,167.7167,50.05,75,78,2.15
431,Kiknur,RU,2021-01-27 21:54:18,57.3034,47.2011,30.56,99,100,15.43
432,Pincher Creek,CA,2021-01-27 21:54:18,49.4833,-113.952,14.0,85,75,10.36
433,Salym,RU,2021-01-27 21:54:18,60.0625,71.4789,-6.63,91,100,6.13
434,Repatriacion,PY,2021-01-27 21:54:18,-25.5333,-55.95,75.29,95,52,5.66
435,Saurimo,AO,2021-01-27 21:54:19,-9.6608,20.3916,65.26,93,100,2.82
436,Nantucket,US,2021-01-27 21:52:13,41.2835,-70.0995,37.4,93,90,8.05
437,Inuvik,CA,2021-01-27 21:54:19,68.3499,-133.7218,-13.0,77,100,2.3
438,Hvolsvollur,IS,2021-01-27 21:54:19,63.7533,-20.2243,24.21,90,70,8.46
439,Vezirkopru,TR,2021-01-27 21:54:19,41.1436,35.4547,50.0,46,75,8.05
440,Kiama,AU,2021-01-27 21:54:20,-34.6833,150.8667,70.0,76,91,1.99
441,Lasa,IT,2021-01-27 21:54:20,46.6166,10.7002,30.0,86,0,5.73
442,Ometepec,MX,2021-01-27 21:54:20,16.6833,-98.4167,87.37,37,51,8.93
443,Sai Buri,TH,2021-01-27 21:54:20,6.7013,101.6168,75.79,87,97,7.74
444,Santa Maria,BR,2021-01-27 21:54:21,-29.6842,-53.8069,73.35,93,99,2.75
445,Hervey Bay,AU,2021-01-27 21:54:21,-25.2986,152.8535,80.01,77,30,5.99
446,Abha,SA,2021-01-27 21:54:21,18.2164,42.5053,57.2,44,0,4.61
447,Indian Head,US,2021-01-27 21:54:21,38.6001,-77.1622,41.0,60,10,5.99
448,Ochamchira,GE,2021-01-27 21:54:21,42.7121,41.4721,53.98,45,100,8.16
449,Ponta Delgada,PT,2021-01-27 21:54:21,37.7333,-25.6667,64.0,94,75,16.11
450,Lavrentiya,RU,2021-01-27 21:54:22,65.5833,-171.0,-0.96,88,97,15.93
451,Prainha,BR,2021-01-27 21:54:22,-1.8,-53.48,81.54,72,89,4.36
452,Prado,BR,2021-01-27 21:54:22,-17.3411,-39.2208,75.99,83,100,6.13
453,Christchurch,NZ,2021-01-27 21:50:31,-43.5333,172.6333,63.0,72,90,11.5
454,Yenagoa,NG,2021-01-27 21:54:22,4.9247,6.2642,78.46,86,85,4.83
455,Nha Trang,VN,2021-01-27 21:54:23,12.25,109.1833,73.4,78,40,11.5
456,Ballina,AU,2021-01-27 21:54:23,-28.8667,153.5667,77.0,73,40,10.36
457,Bulgan,MN,2021-01-27 21:54:23,48.8125,103.5347,-5.55,83,31,2.77
458,Husavik,IS,2021-01-27 21:54:23,66.0449,-17.3389,15.8,86,90,4.61
459,Zhezkazgan,KZ,2021-01-27 21:54:24,47.8043,67.7144,11.07,97,49,6.15
460,Buraydah,SA,2021-01-27 21:51:29,26.326,43.975,60.8,48,0,11.5
461,Oranjestad,AW,2021-01-27 21:54:24,12.524,-70.027,80.6,74,75,23.02
462,Sulphur Springs,US,2021-01-27 21:52:17,33.1385,-95.6011,48.0,57,1,19.57
463,Pudozh,RU,2021-01-27 21:54:24,61.8099,36.5345,23.68,98,92,1.72
464,Rimbey,CA,2021-01-27 21:54:24,52.6334,-114.2353,6.8,92,100,5.75
465,Atherton,GB,2021-01-27 21:54:25,53.5237,-2.4935,46.99,85,100,1.99
466,Liku,ID,2021-01-27 21:54:25,-0.7275,119.8922,74.21,86,95,2.06
467,Bridlington,GB,2021-01-27 21:54:25,54.0831,-0.1919,37.99,89,100,7.94
468,Kalamata,GR,2021-01-27 21:54:25,37.0389,22.1142,45.0,65,15,3.44
469,Zhanaozen,KZ,2021-01-27 21:54:25,43.3,52.8,30.29,88,5,23.78
470,Kholmogory,RU,2021-01-27 21:54:26,64.2229,41.656,30.2,100,90,2.42
471,Kochubey,RU,2021-01-27 21:54:26,44.3861,46.5825,43.9,80,100,17.2
472,Rocha,UY,2021-01-27 21:54:26,-34.4833,-54.3333,71.46,68,0,9.84
473,Pacific Grove,US,2021-01-27 21:54:26,36.6177,-121.9166,51.01,81,90,10.36
474,Syke,DE,2021-01-27 21:54:26,52.9,8.8333,39.2,100,75,9.22
475,Moose Factory,CA,2021-01-27 21:54:26,51.2585,-80.6094,3.2,78,90,8.05
476,Xam Nua,LA,2021-01-27 21:54:27,20.4197,104.0439,57.61,92,46,2.86
477,Kirkenaer,NO,2021-01-27 21:54:27,60.4564,12.0582,14.0,92,0,4.61
478,Shakhovskaya,RU,2021-01-27 21:54:27,56.0283,35.5097,19.98,98,95,6.49
479,Kargasok,RU,2021-01-27 21:54:27,59.0556,80.8572,-29.51,82,70,4.38
480,Saint Anthony,US,2021-01-27 21:52:08,45.0205,-93.218,16.0,52,90,5.75
481,Chicama,PE,2021-01-27 21:54:28,-7.8447,-79.1469,71.6,78,75,10.36
482,Rawah,IQ,2021-01-27 21:54:28,34.4816,41.9093,54.99,40,100,9.93
483,Krasnoarmeysk,RU,2021-01-27 21:54:28,51.0239,45.6969,23.0,80,100,5.01
484,Olga,RU,2021-01-27 21:54:29,43.7444,135.2892,6.89,86,75,4.16
485,Cape Canaveral,US,2021-01-27 21:54:29,28.4058,-80.6048,81.0,64,69,5.01
486,Semnan,IR,2021-01-27 21:54:29,35.5729,53.3971,37.2,65,7,0.63
487,Dinguiraye,GN,2021-01-27 21:54:29,11.3,-10.7167,72.37,21,0,1.21
488,Carutapera,BR,2021-01-27 21:54:30,-1.195,-46.02,79.27,81,57,6.31
489,Cerrito,CO,2021-01-27 21:54:30,6.8432,-72.694,80.6,61,40,9.22
490,Kushiro,JP,2021-01-27 21:54:30,42.975,144.3747,18.81,88,0,17.63
491,Lashio,MM,2021-01-27 21:54:30,22.9333,97.75,49.44,79,0,1.83
492,Hobyo,SO,2021-01-27 21:54:31,5.3505,48.5268,75.92,77,10,18.59
493,Atasu,KZ,2021-01-27 21:54:31,48.6814,71.6433,13.84,97,78,1.5
494,Matay,EG,2021-01-27 21:50:03,28.419,30.7792,52.83,79,0,10.8
495,Xuanhua,CN,2021-01-27 21:54:31,40.6103,115.0447,7.54,61,1,31.14
496,Vao,NC,2021-01-27 21:54:31,-22.6667,167.4833,78.4,85,100,20.09
497,Cortez,US,2021-01-27 21:54:32,37.3489,-108.5859,28.99,64,90,12.66
498,Segou,ML,2021-01-27 21:54:32,13.4317,-6.2157,73.96,16,0,10.71
499,Salvador,SV,2021-01-27 21:54:32,13.8333,-88.9167,89.6,51,0,5.75
500,Khabary,RU,2021-01-27 21:54:33,53.6259,79.5345,20.84,97,93,8.86
501,Canto Do Buriti,BR,2021-01-27 21:54:36,-8.11,-42.9444,80.92,49,93,1.66
502,North Platte,US,2021-01-27 21:54:36,41.1239,-100.7654,21.99,73,1,10.36
503,Evensk,RU,2021-01-27 21:54:36,61.95,159.2333,-9.18,86,100,12.84
504,Pandan,PH,2021-01-27 21:54:37,14.0453,124.1694,77.72,84,92,13.09
505,Dunmore East,IE,2021-01-27 21:54:38,52.1514,-6.9861,50.0,100,90,10.36
506,Karratha,AU,2021-01-27 21:54:38,-20.7377,116.8463,84.74,23,0,8.5
507,Nouakchott,MR,2021-01-27 21:54:38,18.0858,-15.9785,71.6,8,0,10.36
508,Norsup,VU,2021-01-27 21:54:39,-16.0667,167.3833,77.11,88,100,8.16
509,Kitzbuhel,AT,2021-01-27 21:54:39,47.4464,12.3922,30.0,78,100,2.84
510,Vostok,RU,2021-01-27 21:54:39,46.4856,135.8833,-14.28,89,63,5.23
511,Namibe,AO,2021-01-27 21:54:23,-15.1961,12.1522,74.37,78,90,9.51
512,Honghu,CN,2021-01-27 21:54:40,29.8206,113.4621,40.62,87,0,4.63
513,Mount Gambier,AU,2021-01-27 21:53:09,-37.8333,140.7667,60.8,82,43,9.22
514,Pinega,RU,2021-01-27 21:54:40,64.7001,43.3936,26.44,99,100,1.79
515,Maroantsetra,MG,2021-01-27 21:54:40,-15.4333,49.7333,75.6,89,16,4.65
516,Quatre Cocos,MU,2021-01-27 21:54:40,-20.2078,57.7625,78.01,88,20,8.05
517,Kirakira,SB,2021-01-27 21:54:40,-10.4544,161.9205,83.88,76,97,11.07
518,Nome,US,2021-01-27 21:54:42,64.5011,-165.4064,15.8,67,90,11.5
519,Ulaangom,MN,2021-01-27 21:54:42,49.9811,92.0667,-14.31,87,96,1.36
520,Caravelas,BR,2021-01-27 21:54:43,-17.7125,-39.2481,76.21,80,100,5.03
521,Port-Cartier,CA,2021-01-27 21:54:43,50.0334,-66.8654,24.8,58,66,9.22
522,Arroyo,ES,2021-01-27 21:54:43,41.6096,-4.7969,53.01,100,90,10.36
523,Lusambo,CD,2021-01-27 21:54:43,-4.9667,23.45,69.57,96,87,3.56
524,Letka,RU,2021-01-27 21:54:43,59.6011,49.4232,32.99,95,100,13.94
525,Chupa,RU,2021-01-27 21:54:44,66.27,33.0549,10.89,95,100,8.3
526,Meadow Lake,US,2021-01-27 21:51:43,34.8014,-106.5436,39.0,48,1,2.39
527,Sampit,ID,2021-01-27 21:54:26,-2.5333,112.95,73.13,97,100,5.03
528,Tabou,CI,2021-01-27 21:54:45,4.423,-7.3528,78.49,84,0,6.51
529,Rio Grande,BR,2021-01-27 21:51:07,-32.035,-52.0986,73.0,93,100,11.34
530,Talas,TR,2021-01-27 21:54:47,38.6908,35.5538,42.8,61,40,14.97
531,Ixtapa,MX,2021-01-27 21:54:47,20.7,-105.2,81.84,43,17,6.31
532,Brae,GB,2021-01-27 21:54:48,60.3964,-1.353,33.8,86,20,8.05
533,Stokmarknes,NO,2021-01-27 21:54:48,68.5646,14.9108,28.4,69,0,8.05
534,Santa Cruz,BO,2021-01-27 21:52:44,-17.8,-63.1667,75.2,94,75,6.91
535,Baykit,RU,2021-01-27 21:54:48,61.67,96.37,-26.48,79,100,5.64
536,Leshukonskoye,RU,2021-01-27 21:54:48,64.8989,45.7622,25.74,99,100,3.36
537,Touros,BR,2021-01-27 21:54:49,-5.1989,-35.4608,80.6,78,40,13.8
538,Lokot,RU,2021-01-27 21:54:49,52.565,34.5776,28.62,99,100,10.04
539,Camopi,GF,2021-01-27 21:54:49,3.1655,-52.3158,72.9,98,100,2.01
540,Hasaki,JP,2021-01-27 21:54:29,35.7333,140.8333,35.6,80,75,8.05
541,Caohai,CN,2021-01-27 21:54:49,26.8661,104.2841,30.0,95,99,5.66
542,Kaseda,JP,2021-01-27 21:54:50,31.4167,130.3167,44.6,93,75,3.44
543,Luanda,AO,2021-01-27 21:54:50,-8.8368,13.2343,80.6,83,20,9.22
544,Synya,RU,2021-01-27 21:51:04,65.3718,58.0387,11.86,96,100,6.96
545,Kiunga,PG,2021-01-27 21:54:50,-6.1219,141.2906,74.55,96,100,0.85
546,Flagstaff,US,2021-01-27 21:54:50,35.1981,-111.6513,37.99,51,1,10.36
547,Bardiyah,LY,2021-01-27 21:51:16,31.7561,25.0865,52.32,61,9,13.38
548,Beloha,MG,2021-01-27 21:53:40,-25.1667,45.05,76.68,82,0,11.45
549,Bluffton,US,2021-01-27 21:51:26,32.2371,-80.8604,55.99,94,90,8.05
550,Punuare,HN,2021-01-27 21:54:51,14.7333,-85.9667,86.0,45,75,3.44
551,Thai Binh,VN,2021-01-27 21:53:10,20.45,106.3333,68.0,77,90,9.22
552,Kostomuksha,RU,2021-01-27 21:54:51,64.571,30.5767,12.79,96,97,7.72
553,Sur,OM,2021-01-27 21:53:15,22.5667,59.5289,66.85,71,0,9.08
554,Daokou,CN,2021-01-27 21:54:52,35.5639,114.5058,36.21,44,0,19.01
555,Fereydun Kenar,IR,2021-01-27 21:54:52,36.6864,52.5225,51.57,56,0,6.67
556,Valera,VE,2021-01-27 21:53:22,9.3178,-70.6036,78.06,63,99,1.79
557,Wamba,NG,2021-01-27 21:54:52,8.9333,8.6,77.67,18,40,5.35
558,Almaznyy,RU,2021-01-27 21:54:53,48.0448,40.045,35.6,100,90,20.13
559,Plettenberg Bay,ZA,2021-01-27 21:54:53,-34.0527,23.3716,63.1,80,95,1.9
560,Kendari,ID,2021-01-27 21:54:53,-3.945,122.4989,75.36,90,73,2.84
561,Djambala,CG,2021-01-27 21:54:53,-2.5447,14.7533,67.82,89,93,1.1
562,Manikpur,IN,2021-01-27 21:54:54,25.0667,81.1167,45.66,62,0,2.26
563,Dunedin,NZ,2021-01-27 21:54:54,-45.8742,170.5036,55.99,58,25,23.0
564,Taiobeiras,BR,2021-01-27 21:54:54,-15.8078,-42.2331,71.2,56,54,7.14
565,Talaya,RU,2021-01-27 21:54:54,61.3833,152.75,-37.86,78,100,3.24
566,Mayo,US,2021-01-27 21:54:54,38.8876,-76.5119,41.0,65,1,6.91
567,Diego De Almagro,CL,2021-01-27 21:54:55,-26.3667,-70.05,79.97,22,2,10.92
568,Shache,CN,2021-01-27 21:54:55,38.4167,77.2406,20.3,86,0,1.21
569,Kamenka,RU,2021-01-27 21:54:55,51.3223,42.7678,32.0,96,100,14.41
570,Mercedes,AR,2021-01-27 21:54:55,-34.6515,-59.4307,90.0,46,0,3.0
571,Priargunsk,RU,2021-01-27 21:54:56,50.3691,119.1012,-26.55,79,61,5.21
572,Umm Lajj,SA,2021-01-27 21:54:05,25.0213,37.2685,70.9,80,0,2.13
573,Kungsbacka,SE,2021-01-27 21:54:56,57.4872,12.0761,32.0,93,90,10.36
574,Sangar,RU,2021-01-27 21:54:56,63.9242,127.4739,-53.45,72,100,1.03
575,Cockburn Town,TC,2021-01-27 21:54:57,21.4612,-71.1419,76.23,74,0,14.52
576,Aykhal,RU,2021-01-27 21:54:22,66.0,111.5,-35.03,77,4,2.08
577,Veinticinco De Mayo,AR,2021-01-27 21:54:57,-35.4323,-60.1727,98.01,69,0,4.0
578,Adre,TD,2021-01-27 21:54:57,13.4667,22.2,70.72,21,28,10.16
579,Bose,IT,2021-01-27 21:54:57,45.4612,8.0137,37.99,63,86,0.83
580,Svetlaya,RU,2021-01-27 21:54:45,46.5389,138.3297,0.59,81,0,8.46
581,Bonfim,BR,2021-01-27 21:54:58,3.0833,-59.95,80.6,78,20,13.8
582,San Cristobal,VE,2021-01-27 21:52:06,7.7669,-72.225,86.0,54,40,11.5
583,Ayan,RU,2021-01-27 21:54:59,56.45,138.1667,-7.92,86,100,11.25
584,Guiyang,CN,2021-01-27 21:54:56,26.5833,106.7167,41.0,93,90,4.47
585,Broome,US,2021-01-27 21:54:59,42.2506,-75.833,26.01,86,90,6.91
586,Beian,NO,2021-01-27 21:54:59,63.6559,9.5683,33.8,93,40,23.02
587,Cap Malheureux,MU,2021-01-27 21:54:59,-19.9842,57.6142,78.01,79,3,1.01
588,Saint Pete Beach,US,2021-01-27 21:55:00,27.7253,-82.7412,75.0,88,1,12.66
589,Willowmore,ZA,2021-01-27 21:55:00,-33.2926,23.4895,60.06,68,87,6.29
590,Trapani,IT,2021-01-27 21:55:00,37.8333,12.6667,54.0,93,75,5.75
591,Verkhnevilyuysk,RU,2021-01-27 21:55:01,63.4453,120.3167,-47.63,77,100,2.86
592,Ojinaga,MX,2021-01-27 21:55:01,29.5667,-104.4167,55.4,26,1,2.84
593,Juneau,US,2021-01-27 21:55:01,58.3019,-134.4197,21.2,38,20,18.41
594,Birin,NP,2021-01-27 21:55:01,26.8865,88.0718,43.65,80,0,4.14
595,Gurlan,UZ,2021-01-27 21:55:02,41.8447,60.3919,23.0,86,0,4.61
596,Altos Del Rosario,CO,2021-01-27 21:55:02,8.7944,-74.1658,94.42,36,33,3.4
597,Chino Valley,US,2021-01-27 21:55:02,34.7575,-112.4538,37.99,60,1,8.05
598,Methoni,GR,2021-01-27 21:55:02,36.8197,21.7049,45.0,65,27,3.44
599,Champerico,GT,2021-01-27 21:51:05,14.3,-91.9167,91.4,52,40,9.22
600,Songea,TZ,2021-01-27 21:55:04,-10.6833,35.65,64.2,98,55,3.0
601,Mancio Lima,BR,2021-01-27 21:55:04,-7.6142,-72.8958,86.0,70,40,5.75
